,File,Frequency,lines_modified
0,KafkaETLContext.java,17,730
9,DataGenerator.java,11,376
13,KafkaOutputFormat.java,14,643
16,ConsumerConnector.java,17,489
19,Consumer.java,51,973
23,Producer.java,37,814
24,SimpleConsumerDemo.java,16,441
30,KafkaMigrationTool.java,20,2121
31,Crc32.java,14,6366
35,KafkaProducer.java,218,4765
36,MockProducer.java,50,1058
38,ProducerConfig.java,119,2036
39,ProducerRecord.java,18,447
41,BufferPool.java,27,774
42,Metadata.java,66,2096
44,RecordAccumulator.java,106,3677
45,RecordBatch.java,39,962
46,Sender.java,144,5341
47,ProducerPerformance.java,40,1050
49,Cluster.java,37,947
54,Node.java,16,330
59,AbstractConfig.java,59,1070
60,ConfigDef.java,72,2814
75,JmxReporter.java,25,758
80,Metrics.java,39,1037
84,Sensor.java,35,844
88,Histogram.java,12,506
93,Rate.java,17,350
98,NetworkReceive.java,13,332
102,Selector.java,97,3963
104,ApiKeys.java,116,1861
105,Errors.java,116,2316
106,ProtoUtils.java,14,398
107,Protocol.java,75,5770
109,Field.java,20,375
110,Schema.java,26,2757
112,Struct.java,52,1208
113,Type.java,29,1370
114,CompressionType.java,23,595
117,MemoryRecords.java,69,2972
118,Record.java,29,2054
120,RequestHeader.java,25,684
128,Utils.java,121,2593
129,SelectorTest.java,62,2176
130,BufferPoolTest.java,33,956
131,MetadataTest.java,52,2505
132,MockProducerTest.java,31,1356
133,RecordAccumulatorTest.java,75,3093
135,SenderTest.java,133,7362
136,ConfigDefTest.java,35,966
138,MetricsTest.java,44,1717
139,HistogramTest.java,11,420
140,ProtocolSerializationTest.java,22,617
141,MemoryRecordsTest.java,43,2561
144,MockTime.java,18,354
147,MockSelector.java,24,451
148,TestUtils.java,68,1491
149,RecordMetadata.java,17,355
154,MetadataRequest.java,33,779
155,MetadataResponse.java,54,2764
158,ProduceResponse.java,42,1403
162,Compressor.java,15,846
164,ConsumerConfig.java,96,1452
166,ConsumerRecord.java,17,618
167,ConsumerRecords.java,16,511
168,KafkaConsumer.java,287,10142
169,MockConsumer.java,66,1508
171,ClientUtils.java,42,712
173,ClientRequest.java,20,385
175,ClusterConnectionStates.java,35,981
177,InFlightRequests.java,18,446
178,KafkaClient.java,25,412
179,NetworkClient.java,131,3869
181,ProduceRequest.java,43,1420
182,MockClient.java,81,1663
183,NetworkClientTest.java,75,2421
187,FetchRequest.java,53,2356
188,FetchResponse.java,58,2727
189,HeartbeatRequest.java,24,426
191,JoinGroupRequest.java,34,1038
192,JoinGroupResponse.java,31,778
193,ListOffsetRequest.java,34,1367
194,ListOffsetResponse.java,30,923
195,OffsetCommitRequest.java,30,1488
196,OffsetCommitResponse.java,33,656
197,OffsetFetchRequest.java,29,1065
198,OffsetFetchResponse.java,36,1201
200,RequestResponseTest.java,229,10422
202,ClientUtilsTest.java,24,489
203,UtilsTest.java,40,1323
207,KafkaLZ4BlockInputStream.java,14,1172
208,KafkaLZ4BlockOutputStream.java,13,1343
209,AbstractConfigTest.java,26,1119
210,ConsumerRebalanceListener.java,20,395
217,SerializationTest.java,17,877
218,MetricName.java,11,376
219,CommonClientConfigs.java,43,451
223,Heartbeat.java,17,568
225,SubscriptionState.java,75,3091
227,SubscriptionStateTest.java,41,1504
232,Coordinator.java,43,3725
233,Fetcher.java,195,7834
234,CoordinatorTest.java,27,2196
235,FetcherTest.java,186,11049
237,AbstractRequest.java,73,851
241,KafkaConsumerTest.java,154,7229
242,KafkaProducerTest.java,84,4242
251,RequestFuture.java,12,621
252,KafkaLog4jAppender.java,17,561
253,KafkaLog4jAppenderTest.java,9,403
256,ConsumerNetworkClient.java,60,2019
270,ConsumerNetworkClientTest.java,35,753
274,VerifiableProducer.java,31,1048
279,Task.java,53,924
297,SchemaBuilder.java,19,5374
302,FileStreamSourceTask.java,19,435
306,FileStreamSourceTaskTest.java,18,447
307,JsonConverter.java,31,1893
311,JsonConverterTest.java,25,1443
313,WorkerConfig.java,50,1073
314,ConnectorConfig.java,37,1024
316,Herder.java,24,406
318,SourceTaskOffsetCommitter.java,12,335
319,Worker.java,82,3389
320,WorkerSinkTask.java,83,2496
322,WorkerSourceTask.java,72,1901
323,WorkerTask.java,33,920
325,StandaloneHerder.java,40,1615
330,OffsetStorageWriter.java,12,385
334,WorkerSinkTaskTest.java,72,4200
335,WorkerSourceTaskTest.java,68,2665
336,WorkerTest.java,62,4525
337,StandaloneHerderTest.java,39,2173
339,OffsetStorageWriterTest.java,14,614
347,KafkaChannel.java,32,972
362,StopReplicaRequest.java,23,839
363,StopReplicaResponse.java,19,421
371,SchemaBuilderTest.java,12,539
372,StructTest.java,14,547
380,ChannelBuilders.java,27,532
381,ControlledShutdownRequest.java,22,366
382,ControlledShutdownResponse.java,18,349
383,LeaderAndIsrRequest.java,32,1539
384,LeaderAndIsrResponse.java,21,492
385,UpdateMetadataRequest.java,33,2071
391,KafkaOffsetBackingStore.java,22,892
393,KafkaOffsetBackingStoreTest.java,23,1259
399,StreamingConfig.java,9,386
403,KStream.java,121,18622
404,KStreamBuilder.java,43,3592
412,Window.java,19,352
419,KStreamImpl.java,134,8558
429,ProcessorContext.java,50,1406
434,TopologyBuilder.java,60,6178
437,PartitionGroup.java,35,1074
438,ProcessorContextImpl.java,80,2876
439,ProcessorNode.java,44,1197
440,ProcessorStateManager.java,108,3359
441,ProcessorTopology.java,25,724
445,RecordCollector.java,31,454
446,RecordQueue.java,42,779
447,SinkNode.java,36,406
448,SourceNode.java,34,407
451,StreamTask.java,212,7250
452,StreamThread.java,323,14137
455,InMemoryKeyValueStore.java,39,1241
458,MeteredKeyValueStore.java,69,3018
459,OffsetCheckpoint.java,19,414
461,KStreamBuilderTest.java,31,1270
463,KStreamBranchTest.java,25,367
464,KStreamFilterTest.java,24,373
466,KStreamFlatMapValuesTest.java,25,407
467,KStreamImplTest.java,81,6640
469,KStreamMapTest.java,28,351
470,KStreamMapValuesTest.java,26,386
472,TopologyBuilderTest.java,49,2070
474,PartitionGroupTest.java,34,1854
475,ProcessorStateManagerTest.java,77,5543
476,ProcessorTopologyTest.java,68,4129
477,PunctuationQueueTest.java,14,446
478,RecordQueueTest.java,36,851
479,StreamTaskTest.java,174,11612
480,StreamThreadTest.java,219,14724
481,KStreamTestDriver.java,52,1276
482,MockProcessorContext.java,81,2373
486,ProcessorTopologyTestDriver.java,54,1674
513,KStreamTransformValues.java,23,468
514,KStreamTransformTest.java,32,742
515,KStreamTransformValuesTest.java,33,806
517,ClusterConfigState.java,13,385
518,DistributedHerder.java,85,5048
520,KafkaBasedLog.java,23,677
521,DistributedHerderTest.java,59,5297
523,KafkaBasedLogTest.java,22,1264
524,Serdes.java,20,932
525,Stores.java,57,2131
526,AbstractKeyValueStoreTest.java,38,1297
527,InMemoryKeyValueStoreTest.java,22,462
528,KeyValueStoreTestDriver.java,62,1352
529,RocksDBKeyValueStoreTest.java,26,504
532,InMemoryLRUCacheStoreTest.java,20,598
535,SchemaProjectorTest.java,9,759
536,LeaveGroupRequest.java,20,420
537,LeaveGroupResponse.java,23,401
538,JaasUtils.java,16,435
539,SaslConfigs.java,16,399
542,SaslChannelBuilder.java,44,881
543,SaslClientAuthenticator.java,42,1553
544,SaslServerAuthenticator.java,61,1676
549,Login.java,11,521
550,LoginManager.java,19,521
556,AbstractCoordinator.java,148,4792
558,ConsumerCoordinator.java,160,4836
559,ConsumerProtocol.java,21,1094
560,PartitionAssignor.java,14,652
566,SyncGroupRequest.java,18,524
569,RoundRobinAssignorTest.java,10,682
570,ConsumerCoordinatorTest.java,141,8285
571,ConsumerProtocolTest.java,12,560
578,WorkerCoordinator.java,43,1334
579,WorkerGroupMember.java,46,481
581,WorkerCoordinatorTest.java,41,1225
583,SslChannelBuilder.java,25,381
584,SslTransportLayer.java,34,967
585,SslFactory.java,37,1364
586,SslSelectorTest.java,31,695
587,SslTransportLayerTest.java,63,3556
588,SslFactoryTest.java,23,1099
589,TestSslUtils.java,23,840
596,TaskId.java,18,549
604,DistributedConfig.java,29,973
605,RestServer.java,32,976
613,ConnectorsResource.java,32,852
616,ConnectorsResourceTest.java,30,1528
618,InMemoryKeyValueStoreSupplier.java,19,487
619,InMemoryLRUCacheStoreSupplier.java,13,350
620,RocksDBKeyValueStoreSupplier.java,18,624
621,MockStateStoreSupplier.java,13,342
625,DescribeGroupsResponse.java,23,815
629,ListGroupsResponse.java,21,431
635,WorkerSinkTaskThreadedTest.java,36,1411
640,ConnectDistributed.java,22,357
646,VerifiableConsumer.java,21,762
651,AssignmentInfo.java,28,1399
652,ClientState.java,29,1349
653,SubscriptionInfo.java,27,1506
655,TaskAssignor.java,12,515
658,SubscriptionInfoTest.java,22,1030
661,AbstractTask.java,80,1314
662,StandbyContextImpl.java,45,1028
663,StandbyTask.java,89,1957
664,StandbyTaskTest.java,107,3660
666,KTable.java,69,8083
668,KTableFilter.java,22,410
669,KTableImpl.java,118,5563
670,KTableMapValues.java,27,446
672,KTableSource.java,30,486
678,RocksDBStore.java,121,3219
679,KTableFilterTest.java,45,2374
680,KTableImplTest.java,51,2633
682,KTableSourceTest.java,42,1386
683,AbstractStream.java,38,650
686,KTableKTableLeftJoin.java,27,469
688,KTableKTableOuterJoin.java,27,483
689,KTableKTableRightJoin.java,27,458
690,KStreamKTableLeftJoinTest.java,32,811
691,KTableKTableJoinTest.java,21,1310
692,KTableKTableLeftJoinTest.java,45,2490
693,KTableKTableOuterJoinTest.java,38,2366
697,MeteredWindowStore.java,57,1910
698,RocksDBWindowStore.java,55,1846
699,RocksDBWindowStoreSupplier.java,22,428
701,WindowStore.java,29,462
704,RocksDBWindowStoreTest.java,76,8963
707,KStreamKStreamJoin.java,33,633
708,KStreamKStreamJoinTest.java,54,6248
709,KStreamKStreamLeftJoinTest.java,47,3535
718,JoinWindows.java,39,1030
723,UnlimitedWindows.java,24,471
725,Windows.java,30,635
735,KTableAggregate.java,24,383
740,KTableAggregateTest.java,45,2098
741,KTableMapValuesTest.java,38,1710
752,KStreamAggregate.java,37,612
755,WindowsTest.java,11,346
758,KStreamReduce.java,31,560
760,KafkaStreams.java,201,7232
761,StreamsConfig.java,177,4618
762,StreamsMetrics.java,14,431
765,StreamPartitionAssignor.java,65,2744
766,StreamsConfigTest.java,82,2263
768,StreamPartitionAssignorTest.java,44,2719
785,InMemoryKeyValueLoggedStore.java,18,484
786,MemoryLRUCache.java,30,608
787,MemoryNavigableLRUCache.java,20,387
791,StoreChangeLoggerTest.java,30,660
793,WorkerTaskTest.java,16,536
794,RecordCollectorTest.java,50,4470
806,SmokeTestClient.java,60,3950
807,SmokeTestDriver.java,49,8714
808,SmokeTestUtil.java,32,1813
809,StreamsSmokeTest.java,34,1188
811,InternalTopicManager.java,53,2407
815,AbstractHerder.java,52,1415
820,KafkaStatusBackingStore.java,26,923
824,AbstractHerderTest.java,37,1631
825,KafkaStatusBackingStoreTest.java,10,898
830,KStreamWindowAggregate.java,43,1185
831,KStreamWindowReduce.java,20,538
832,KStreamWindowAggregateTest.java,53,4956
836,PageViewTypedDemo.java,32,526
840,WordCountProcessorDemo.java,33,377
850,ConnectorPluginsResourceTest.java,31,1553
854,StateSerdes.java,12,341
856,RestServerTest.java,25,982
859,SimpleBenchmark.java,47,3544
864,KTableForeachTest.java,16,388
873,WorkerConnector.java,20,727
876,KafkaConfigBackingStore.java,30,816
878,WorkerConnectorTest.java,9,801
879,KafkaConfigBackingStoreTest.java,27,1062
880,KGroupedTable.java,34,2522
881,KGroupedTableImpl.java,39,1489
886,KGroupedTableImplTest.java,36,1405
900,KerberosLogin.java,20,541
902,PlainSaslServer.java,12,341
906,ApiVersionsResponse.java,32,1155
907,InternalTopicIntegrationTest.java,52,942
909,IntegrationTestUtils.java,70,3011
910,KafkaEmbedded.java,20,565
914,NioEchoServer.java,38,746
915,SaslAuthenticatorTest.java,64,3705
918,TimeWindows.java,29,950
920,TimeWindowsTest.java,23,792
922,FanoutIntegrationTest.java,17,478
923,JoinIntegrationTest.java,22,1221
928,AbstractCoordinatorTest.java,66,2573
932,KafkaLZ4Test.java,9,761
934,SourceConnectorConfig.java,12,404
935,KafkaStreamsTest.java,122,5150
937,RegexSourceIntegrationTest.java,58,1911
938,KGroupedStream.java,48,4793
939,KGroupedStreamImpl.java,37,1792
941,KStreamRepartitionJoinTest.java,29,1870
947,JoinWindowsTest.java,22,877
949,StreamsTestUtils.java,28,442
952,KStreamAggregationIntegrationTest.java,63,2262
953,KStreamKTableJoinIntegrationTest.java,21,693
961,CreateTopicsRequest.java,21,956
962,CreateTopicsResponse.java,20,512
966,ReadOnlyWindowStore.java,20,520
967,CompositeReadOnlyKeyValueStore.java,12,372
968,CompositeReadOnlyWindowStore.java,19,604
972,StreamThreadStateStoreProvider.java,21,449
974,QueryableStateIntegrationTest.java,82,3867
976,CompositeReadOnlyKeyValueStoreTest.java,26,837
977,CompositeReadOnlyWindowStoreTest.java,23,945
979,ReadOnlyWindowStoreStub.java,19,751
982,StreamThreadStateStoreProviderTest.java,79,1295
984,StateDirectory.java,46,1842
985,StateDirectoryTest.java,39,1767
988,ResetIntegrationTest.java,48,1843
989,StreamsResetter.java,52,1856
990,KGroupedStreamImplTest.java,51,3327
992,StreamsMetadataState.java,28,1196
994,StreamsMetadata.java,11,330
995,StreamsMetadataStateTest.java,27,860
996,AssignmentInfoTest.java,18,519
997,DeleteTopicsRequest.java,18,431
998,DeleteTopicsResponse.java,16,343
1000,EmbeddedKafkaCluster.java,48,1207
1004,InternalTopicConfigTest.java,10,342
1005,StoresTest.java,17,606
1010,ProcessorRecordContext.java,16,438
1013,CachingKeyValueStore.java,52,1288
1014,CachingWindowStore.java,63,1612
1020,NamedCache.java,32,935
1023,ThreadCache.java,34,703
1025,KStreamAggregationDedupIntegrationTest.java,35,772
1027,CachingKeyValueStoreTest.java,37,1053
1028,CachingWindowStoreTest.java,45,1648
1033,NamedCacheTest.java,22,680
1034,ThreadCacheTest.java,25,1497
1043,AbstractTaskTest.java,36,906
1044,ProcessorNodeTest.java,42,781
1048,KTableKTableJoinIntegrationTest.java,19,1260
1050,KStreamKTableJoinTest.java,34,954
1051,SinkNodeTest.java,22,653
1055,FileRecords.java,35,1148
1057,RecordsIterator.java,14,879
1058,AbstractResponse.java,98,714
1064,RecordCollectorImpl.java,51,1739
1074,AbstractRecords.java,21,616
1076,FileLogInputStream.java,14,729
1077,MemoryRecordsBuilder.java,46,2017
1079,FileRecordsTest.java,28,1397
1080,MemoryRecordsBuilderTest.java,34,2556
1090,SessionWindows.java,26,641
1091,KStreamSessionWindowAggregate.java,32,671
1092,SessionKeySerde.java,10,400
1093,ReadOnlySessionStore.java,13,605
1095,CachingSessionStore.java,44,1434
1099,MeteredSegmentedBytesStore.java,9,438
1100,RocksDBSegmentedBytesStore.java,19,744
1101,RocksDBSessionStore.java,26,598
1106,Segments.java,19,776
1107,SessionKeySchema.java,17,389
1110,KStreamSessionWindowAggregateProcessorTest.java,51,1837
1112,CachingSessionStoreTest.java,41,1422
1114,CompositeReadOnlySessionStoreTest.java,16,331
1116,RocksDBSegmentedBytesStoreTest.java,30,1502
1117,RocksDBSessionStoreTest.java,38,1210
1118,SegmentIteratorTest.java,23,584
1119,SegmentsTest.java,16,571
1130,ScramMessages.java,9,402
1133,ScramSaslServer.java,15,388
1138,ScramMessagesTest.java,12,469
1139,StreamsKafkaClient.java,30,1382
1141,NodeApiVersions.java,17,731
1143,NodeApiVersionsTest.java,23,497
1144,SensorTest.java,12,507
1145,StreamsMetricsImpl.java,55,2650
1147,StreamsMetricsImplTest.java,36,2406
1148,KStreamsFineGrainedAutoResetIntegrationTest.java,12,559
1157,AbstractProcessorContext.java,36,510
1158,GlobalProcessorContextImpl.java,32,463
1161,GlobalStateManagerImpl.java,48,1391
1163,GlobalStreamThread.java,39,1061
1168,GlobalKTableIntegrationTest.java,40,996
1169,GlobalKTableJoinsTest.java,20,377
1170,GlobalStateManagerImplTest.java,44,2678
1171,GlobalStateTaskTest.java,22,527
1172,GlobalStreamThreadTest.java,33,693
1183,ConnectorConfigTest.java,11,569
1201,WrappedStateStore.java,14,337
1202,ChangeLoggingKeyValueBytesStoreTest.java,24,509
1203,ChangeLoggingKeyValueStoreTest.java,10,526
1205,RocksDBKeyValueStoreSupplierTest.java,12,398
1206,RocksDBSessionStoreSupplierTest.java,12,448
1207,RocksDBWindowStoreSupplierTest.java,13,460
1209,InternalTopicManagerTest.java,36,3129
1229,SessionWindowsTest.java,18,445
1233,ClientCompatibilityTest.java,19,989
1238,BrokerCompatibilityTest.java,33,368
1240,StickyTaskAssignor.java,18,669
1241,ClientStateTest.java,19,1004
1242,StickyTaskAssignorTest.java,21,2102
1245,AbstractProcessorContextTest.java,42,559
1247,WindowKeySchema.java,17,368
1251,MergedSortedCacheWrappedWindowStoreIteratorTest.java,13,339
1260,StateRestorer.java,14,346
1261,StoreChangelogReader.java,66,2849
1263,StoreChangelogReaderTest.java,44,4089
1269,ProducerBatch.java,32,668
1270,ProducerBatchTest.java,15,433
1282,SessionKeySchemaTest.java,12,646
1284,AbstractLegacyRecordBatch.java,20,768
1287,DefaultRecord.java,22,1024
1288,DefaultRecordBatch.java,36,1254
1298,DefaultRecordBatchTest.java,19,539
1299,DefaultRecordTest.java,12,680
1305,DeleteRecordsRequest.java,10,375
1306,DeleteRecordsResponse.java,14,386
1325,OffsetsForLeaderEpochRequest.java,21,838
1326,OffsetsForLeaderEpochResponse.java,16,655
1331,AddPartitionsToTxnRequest.java,13,437
1332,AddPartitionsToTxnResponse.java,16,379
1336,TxnOffsetCommitRequest.java,18,855
1337,TxnOffsetCommitResponse.java,16,437
1338,WriteTxnMarkersRequest.java,13,562
1339,WriteTxnMarkersResponse.java,13,440
1344,FindCoordinatorRequest.java,13,387
1345,FindCoordinatorResponse.java,16,336
1351,TransactionManager.java,85,4636
1353,TransactionManagerTest.java,88,8587
1360,AdminClient.java,30,2194
1372,KafkaAdminClient.java,191,10647
1380,KafkaFutureImpl.java,10,685
1381,KafkaAdminClientTest.java,153,10607
1382,KafkaFutureTest.java,9,804
1396,ProduceRequestTest.java,12,581
1397,Cast.java,10,551
1399,CastTest.java,10,790
1400,FlattenTest.java,11,497
1403,KStreamPrintTest.java,12,375
1417,Resource.java,11,351
1418,ResourceFilter.java,9,476
1421,CreateAclsRequest.java,13,483
1423,DeleteAclsRequest.java,15,430
1424,DeleteAclsResponse.java,15,757
1425,DescribeAclsRequest.java,17,400
1426,DescribeAclsResponse.java,15,681
1427,RequestUtils.java,18,550
1432,StickyAssignor.java,13,2303
1433,StickyAssignorTest.java,14,2463
1436,ConfigEntry.java,13,380
1441,AlterConfigsRequest.java,11,440
1444,DescribeConfigsRequest.java,11,499
1445,DescribeConfigsResponse.java,13,923
1446,DelegatingClassLoader.java,28,894
1451,PluginUtils.java,21,514
1452,Plugins.java,20,812
1453,PluginUtilsTest.java,17,769
1456,TopicAdmin.java,18,842
1457,TopicAdminTest.java,23,1232
1466,WindowKeySchemaTest.java,15,857
1471,ApiVersionsResponseTest.java,17,609
1479,RocksDBStoreTest.java,57,2846
1495,TransactionalMessageCopier.java,19,720
1496,EosIntegrationTest.java,50,2796
1505,EosTestClient.java,23,453
1506,EosTestDriver.java,17,1482
1511,YahooBenchmark.java,19,1038
1518,AbstractStreamTest.java,29,390
1523,TopologyDescription.java,14,1179
1524,TopologyTest.java,46,3100
1527,InternalTopologyBuilder.java,93,5109
1528,InternalTopologyBuilderTest.java,58,2537
1547,Topology.java,26,1216
1548,StreamsBuilder.java,45,2953
1549,InternalStreamsBuilder.java,48,1703
1550,StreamsBuilderTest.java,60,2437
1551,InternalStreamsBuilderTest.java,28,989
1555,TaskManager.java,158,7917
1558,TaskManagerTest.java,90,7363
1567,SaslServerAuthenticatorTest.java,20,384
1572,ChangeLoggingWindowBytesStore.java,26,409
1575,MeteredWindowStoreTest.java,38,1394
1576,AssignedTasks.java,39,1774
1578,RestoreIntegrationTest.java,35,909
1582,Agent.java,15,843
1590,CoordinatorClient.java,12,831
1592,NodeManager.java,10,943
1611,JsonRestServer.java,9,406
1613,AgentTest.java,13,904
1617,MiniTrogdorCluster.java,10,410
1620,MeteredSessionStore.java,40,1351
1621,ChangeLoggingSessionBytesStoreTest.java,15,443
1622,MeteredSessionStoreTest.java,29,1137
1623,ChangeLoggingWindowBytesStoreTest.java,18,417
1638,DescribeLogDirsResponse.java,13,495
1675,Materialized.java,13,342
1692,DefaultKafkaPrincipalBuilderTest.java,13,442
1700,GroupedStreamAggregateBuilder.java,22,379
1709,CreatePartitionsRequest.java,10,540
1711,SessionWindowedKStream.java,15,1256
1712,TimeWindowedKStream.java,22,1091
1713,SessionWindowedKStreamImpl.java,17,642
1714,TimeWindowedKStreamImpl.java,27,618
1715,SessionWindowedKStreamImplTest.java,22,734
1716,TimeWindowedKStreamImplTest.java,21,760
1723,ConnectMetrics.java,14,796
1724,ConnectMetricsTest.java,14,383
1740,AbstractResetIntegrationTest.java,35,2309
1748,ConnectMetricsRegistry.java,9,492
1752,ClusterConnectionStatesTest.java,20,735
1759,WorkerManager.java,10,907
1796,AssignedStreamsTasks.java,20,1598
1797,AssignedStreamsTasksTest.java,20,1469
1811,ProduceBenchWorker.java,16,775
1815,StreamsResetterTest.java,12,511
1816,MockAdminClient.java,49,1555
1825,PurgeRepartitionTopicIntegrationTest.java,13,378
1826,WorkerUtils.java,12,563
1830,RoundTripWorker.java,15,658
1833,KTableSourceTopicRestartIntegrationTest.java,18,480
1840,AbstractJoinIntegrationTest.java,20,708
1841,StreamStreamJoinIntegrationTest.java,13,1184
1842,TableTableJoinIntegrationTest.java,9,1613
1872,TopologyTestDriver.java,107,3006
1873,ConsumerRecordFactory.java,9,1216
1875,TopologyTestDriverTest.java,47,3357
1879,KTableKTableInnerJoinTest.java,23,1425
1885,Values.java,13,1425
1893,ValuesTest.java,12,1093
1905,KStreamGlobalKTableJoinTest.java,15,473
1906,KStreamGlobalKTableLeftJoinTest.java,15,501
1907,FetchSessionHandler.java,15,1003
1912,FetchSessionHandlerTest.java,9,1551
1917,PluginsTest.java,9,611
1922,StreamsPartitionAssignor.java,96,5668
1923,StreamsPartitionAssignorTest.java,73,6839
1948,WorkerUtilsTest.java,9,412
1950,InternalMockProcessorContext.java,46,703
1951,MockProcessorContextTest.java,18,550
1960,StreamsUpgradeTest.java,105,3011
1964,ConsumeBenchWorker.java,11,778
1996,KStreamWindowReduceTest.java,10,332
2001,KTableKTableJoinNode.java,14,574
2004,StatefulProcessorNode.java,16,641
2010,StreamStreamJoinNode.java,13,533
2017,GlobalThreadShutDownOrderTest.java,22,408
2018,AdminMetadataManager.java,9,342
2025,KTableTransformValuesTest.java,25,899
2089,JaasBasicAuthFilterTest.java,9,528
2093,DeadLetterQueueReporter.java,12,352
2102,ErrorHandlingTaskTest.java,18,838
2103,ErrorReporterTest.java,9,449
2104,RetryWithToleranceOperatorTest.java,9,584
2140,GlobalKTableEOSIntegrationTest.java,20,1062
2143,GroupedTableOperationRepartitionNode.java,9,369
2144,OptimizableRepartitionNode.java,12,391
2146,TableSourceNode.java,16,379
2150,MeteredKeyValueStoreTest.java,24,716
2156,StreamsGraphTest.java,13,662
2159,Sensors.java,17,598
2161,ConnectionStressWorker.java,16,562
2194,KTableSuppressProcessor.java,11,434
2198,SuppressionIntegrationTest.java,19,1639
2200,SuppressScenarioTest.java,21,1423
2201,GraphGraceSearchUtilTest.java,10,376
2202,KTableSuppressProcessorTest.java,15,1324
2203,MockInternalProcessorContext.java,17,418
2212,RepartitionTopicNamingTest.java,15,1304
2215,InMemoryTimeOrderedKeyValueBuffer.java,29,1526
2221,SuppressionDurabilityIntegrationTest.java,12,510
2240,KTableSuppressProcessorMetricsTest.java,15,688
2246,ProcessorContextImplTest.java,25,1188
2251,FieldSpec.java,17,701
2252,FieldType.java,15,579
2254,MessageDataGenerator.java,40,5518
2255,MessageGenerator.java,20,597
2258,SchemaGenerator.java,14,435
2268,MessageTest.java,46,2162
2275,ErrorHandlingIntegrationTest.java,12,841
2276,ExampleConnectIntegrationTest.java,12,432
2280,EmbeddedConnectCluster.java,22,1164
2284,GlobalProcessorContextImplTest.java,18,390
2307,RocksDBGenericOptionsToDbOptionsColumnFamilyOptionsAdapter.java,9,1901
2309,RocksDBTimestampedStore.java,16,686
2312,RocksDBGenericOptionsToDbOptionsColumnFamilyOptionsAdapterTest.java,10,570
2313,RocksDBTimestampedStoreTest.java,10,797
2323,InMemoryWindowStore.java,31,1537
2324,InMemoryWindowStoreTest.java,15,1362
2337,MeteredTimestampedKeyValueStoreTest.java,21,851
2358,ChangeLoggingTimestampedWindowBytesStoreTest.java,10,349
2362,MetricsIntegrationTest.java,32,2872
2364,ConnectWorkerIntegrationTest.java,11,674
2370,AbstractRocksDBSegmentedBytesStore.java,22,665
2375,AbstractRocksDBSegmentedBytesStoreTest.java,21,1287
2392,TimeOrderedKeyValueBufferTest.java,12,1766
2403,InMemorySessionStore.java,24,821
2404,InMemorySessionStoreTest.java,9,1069
2419,ImplicitLinkedHashCollectionTest.java,9,792
2442,StoreUpgradeIntegrationTest.java,15,1534
2448,IncrementalCooperativeAssignor.java,11,1132
2450,RebalanceSourceConnectorsIntegrationTest.java,12,720
2453,IncrementalCooperativeAssignorTest.java,9,3512
2486,ThreadMetrics.java,17,1040
2487,ThreadMetricsTest.java,18,1501
2508,StateManagerUtil.java,15,419
2511,Admin.java,34,2101
2525,OffsetFetchResponseTest.java,11,633
2555,RocksDBMetricsRecorder.java,9,854
2556,RocksDBMetricsRecorderTest.java,11,1123
2558,AbstractStickyAssignor.java,14,2274
2560,AbstractStickyAssignorTest.java,9,1409
2572,AssignorConfiguration.java,27,882
2586,OptimizedKTableIntegrationTest.java,24,748
2600,StreamsRebalanceListener.java,14,360
2626,KStreamImplJoin.java,15,666
2632,ForeignJoinSubscriptionSendProcessorSupplier.java,11,371
2643,KTableKTableForeignKeyInnerJoinMultiIntegrationTest.java,15,409
2644,KTableKTableForeignKeyJoinIntegrationTest.java,13,2400
2656,SimpleExampleMessageTest.java,18,670
2664,TestTopicsTest.java,10,681
2680,MirrorCheckpointTask.java,11,382
2681,MirrorConnectorConfig.java,11,827
2685,MirrorMakerConfig.java,9,333
2687,MirrorSourceConnector.java,16,715
2696,MirrorConnectorConfigTest.java,9,430
2697,MirrorConnectorsIntegrationTest.java,16,1754
2699,MirrorSourceConnectorTest.java,11,456
2704,RepartitionOptimizingTest.java,15,1179
2705,RepartitionWithMergeOptimizingTest.java,10,545
2707,ReplicaFetcherThreadBenchmark.java,29,660
2720,StreamsUpgradeToCooperativeRebalanceTest.java,37,1413
2743,TaskMetrics.java,13,561
2744,TaskMetricsTest.java,11,686
2753,ProcessorNodeMetrics.java,9,842
2757,CogroupedKStream.java,20,439
2759,CogroupedStreamAggregateBuilder.java,16,600
2771,TimeWindowedCogroupedKStream.java,16,576
2777,SessionWindowedCogroupedKStream.java,9,439
2789,LagFetchIntegrationTest.java,9,476
2796,StoreQueryIntegrationTest.java,26,1292
2812,EmbeddedConnectClusterAssertions.java,10,607
2814,RocksDBMetricsIntegrationTest.java,16,708
2819,StreamsProducer.java,20,720
2820,StreamsProducerTest.java,16,2575
2827,ActiveTaskCreator.java,23,743
2830,ActiveTaskCreatorTest.java,15,1217
2843,MetadataRequestBenchmark.java,25,354
2851,StandbyTaskEOSIntegrationTest.java,23,843
2858,HighAvailabilityTaskAssignor.java,15,1665
2859,HighAvailabilityTaskAssignorTest.java,14,2551
2861,TaskMovement.java,9,780
2862,AssignmentTestUtils.java,16,593
2872,KStreamRepartitionIntegrationTest.java,17,1004
2875,TaskAssignorConvergenceTest.java,9,643
2876,AbstractSessionBytesStoreTest.java,13,735
2877,AbstractWindowBytesStoreTest.java,14,1316
2887,HighAvailabilityStreamsPartitionAssignorTest.java,12,395
2889,EosBetaUpgradeIntegrationTest.java,15,1757
2908,WorkerWithTopicCreationTest.java,9,3204
3003,KStreamSlidingWindowAggregate.java,12,1392
3007,KStreamSlidingWindowAggregateTest.java,10,3418
3053,KafkaRaftClient.java,58,4808
3055,LeaderState.java,15,618
3061,QuorumState.java,14,712
3063,RaftClient.java,19,463
3064,RaftConfig.java,10,570
3069,ReplicatedCounter.java,11,499
3070,ReplicatedLog.java,16,437
3079,KafkaRaftClientTest.java,30,7339
3083,MockLog.java,21,1300
3084,MockLogTest.java,18,1335
3087,QuorumStateTest.java,10,1191
3089,RaftEventSimulationTest.java,28,2608
3114,CachingInMemorySessionStoreTest.java,9,605
3115,CachingPersistentSessionStoreTest.java,9,1169
3116,CachingPersistentWindowStoreTest.java,12,694
3128,RaftClientTestContext.java,34,1983
3131,BatchAccumulator.java,11,742
3167,StreamsUncaughtExceptionHandlerIntegrationTest.java,10,633
3178,AdjustStreamThreadCountTest.java,15,898
3183,SnapshotWriter.java,14,584
3216,KafkaRaftClientSnapshotTest.java,17,2334
3231,MirrorConnectorsIntegrationBaseTest.java,13,1185
3243,Tasks.java,9,367
3318,Controller.java,15,488
3329,LocalLogManager.java,21,1849
3354,MetadataNodeManager.java,10,461
3373,ClusterControlManager.java,18,766
3374,ConfigurationControlManager.java,15,783
3381,QuorumController.java,52,3118
3385,ReplicationControlManager.java,38,3458
3391,ClusterControlManagerTest.java,13,398
3392,ConfigurationControlManagerTest.java,14,825
3395,FeatureControlManagerTest.java,11,599
3398,QuorumControllerTest.java,37,1850
3401,ReplicationControlManagerTest.java,37,2972
3423,MockController.java,14,570
3427,EmitOnChangeIntegrationTest.java,12,702
3433,KafkaClusterTestKit.java,11,562
3452,SnapshotReader.java,9,358
3458,RocksDBTimeOrderedWindowStore.java,10,702
3503,KStreamKStreamOuterJoinTest.java,13,1881
3506,KafkaStreamsNamedTopologyWrapper.java,15,801
3524,TopologyMetadata.java,21,984
3560,NamedTopologyIntegrationTest.java,21,1863
3602,MetadataDelta.java,9,471
3774,StoreQueryUtils.java,9,470
3776,IQv2StoreIntegrationTest.java,11,2013
